Model,Attack,Partition,Aggregator,Iteration,TestAccuracy,TestLoss,xi,A
cnn,dynamic,iid,Mean,0,0.0854,2.3035482704162598,0.34995901584625244,1.277335524559021
cnn,dynamic,iid,Mean,1,0.0855,2.3032120948791506,0.31923291087150574,1.2629469633102417
cnn,dynamic,iid,Mean,2,0.087,2.30288344039917,0.2834030091762543,1.2499576807022095
cnn,dynamic,iid,Mean,3,0.0876,2.302563766479492,0.26826706528663635,1.2338072061538696
cnn,dynamic,iid,Mean,4,0.0876,2.3022535396575927,0.24541929364204407,1.191414713859558
cnn,dynamic,iid,Mean,5,0.0878,2.301952165603638,0.2188566029071808,1.144225835800171
cnn,dynamic,iid,Mean,6,0.088,2.301659475326538,0.18752437829971313,1.1112873554229736
cnn,dynamic,iid,Mean,7,0.0879,2.3013756351470946,0.16357927024364471,1.085982084274292
cnn,dynamic,iid,Mean,8,0.0879,2.301100262451172,0.15210463106632233,1.0570017099380493
cnn,dynamic,iid,Mean,9,0.0877,2.300831410217285,0.1357887089252472,1.026719093322754
cnn,dynamic,iid,Mean,10,0.0876,2.3005694709777833,0.13353648781776428,1.0027965307235718
cnn,dynamic,iid,Mean,11,0.088,2.3003128299713134,0.12123589962720871,0.9975172877311707
cnn,dynamic,iid,Mean,12,0.0878,2.3000620422363283,0.11038423329591751,0.9906623959541321
cnn,dynamic,iid,Mean,13,0.0881,2.2998164691925047,0.1233689934015274,0.984606146812439
cnn,dynamic,iid,Mean,14,0.0882,2.299573657989502,0.11025899648666382,0.9749028086662292
cnn,dynamic,iid,Mean,15,0.0881,2.299333686065674,0.09759077429771423,0.9550720453262329
cnn,dynamic,iid,Mean,16,0.0884,2.299097130203247,0.096117302775383,0.939321756362915
cnn,dynamic,iid,Mean,17,0.0889,2.298858755493164,0.08493973314762115,0.9226540923118591
cnn,dynamic,iid,Mean,18,0.0893,2.2986227714538576,0.08493712544441223,0.8974605202674866
cnn,dynamic,iid,Mean,19,0.0893,2.298384870529175,0.0850072056055069,0.8824693560600281
cnn,dynamic,iid,Mean,20,0.0893,2.2981466144561766,0.08172418922185898,0.8371762037277222
cnn,dynamic,iid,Mean,21,0.0895,2.29790362739563,0.0948992595076561,0.7976639270782471
cnn,dynamic,iid,Mean,22,0.0895,2.297660562515259,0.09377162158489227,0.7640810608863831
cnn,dynamic,iid,Mean,23,0.0897,2.2974161201477052,0.08807116746902466,0.7235291004180908
cnn,dynamic,iid,Mean,24,0.09,2.297171427154541,0.08555221557617188,0.6918554902076721
cnn,dynamic,iid,Mean,25,0.09,2.2969240673065188,0.08760537952184677,0.6471040844917297
cnn,dynamic,iid,Mean,26,0.0904,2.2966756214141846,0.08793570101261139,0.6036967039108276
cnn,dynamic,iid,Mean,27,0.0904,2.2964283264160157,0.08892594277858734,0.5806412696838379
cnn,dynamic,iid,Mean,28,0.0906,2.2961792148590088,0.08058010786771774,0.5635905861854553
cnn,dynamic,iid,Mean,29,0.091,2.2959302631378176,0.08617767691612244,0.5411729216575623
cnn,dynamic,iid,Mean,30,0.0911,2.295683723068237,0.08310990035533905,0.5297016501426697
cnn,dynamic,iid,Mean,31,0.0916,2.2954385147094727,0.07584236562252045,0.5184086561203003
cnn,dynamic,iid,Mean,32,0.0918,2.2951991321563723,0.08136362582445145,0.5082888603210449
cnn,dynamic,iid,Mean,33,0.092,2.2949628761291505,0.08059511333703995,0.5000108480453491
cnn,dynamic,iid,Mean,34,0.0925,2.2947270065307617,0.07760675996541977,0.5015465617179871
cnn,dynamic,iid,Mean,35,0.0932,2.2944952377319336,0.08045612275600433,0.4973825216293335
cnn,dynamic,iid,Mean,36,0.0938,2.2942654876708986,0.08176184445619583,0.4848020374774933
cnn,dynamic,iid,Mean,37,0.0942,2.294039764404297,0.08017652481794357,0.4745348393917084
cnn,dynamic,iid,Mean,38,0.0946,2.2938157337188723,0.0815243199467659,0.4639596939086914
cnn,dynamic,iid,Mean,39,0.0952,2.2935939853668215,0.0945020392537117,0.460268497467041
cnn,dynamic,iid,Mean,40,0.0953,2.2933757480621337,0.09684298187494278,0.45457953214645386
cnn,dynamic,iid,Mean,41,0.096,2.293159561538696,0.09734806418418884,0.4422759413719177
cnn,dynamic,iid,Mean,42,0.0966,2.2929461673736573,0.07975263893604279,0.4398272633552551
cnn,dynamic,iid,Mean,43,0.0975,2.292736520385742,0.08414892852306366,0.4402620494365692
cnn,dynamic,iid,Mean,44,0.0979,2.2925293003082277,0.08383320271968842,0.4264422655105591
cnn,dynamic,iid,Mean,45,0.0993,2.29232381401062,0.08150489628314972,0.42659708857536316
cnn,dynamic,iid,Mean,46,0.1002,2.292121337890625,0.07423819601535797,0.4316980540752411
cnn,dynamic,iid,Mean,47,0.101,2.29191835975647,0.07923007011413574,0.42741143703460693
cnn,dynamic,iid,Mean,48,0.1026,2.291716478729248,0.0823434442281723,0.4257955551147461
cnn,dynamic,iid,Mean,49,0.1027,2.291516363525391,0.0895305946469307,0.4254983067512512
cnn,dynamic,iid,TriMean,0,0.1137,2.301649630355835,0.26587536931037903,1.6557719707489014
cnn,dynamic,iid,TriMean,1,0.1139,2.3014734642028807,0.24625954031944275,1.6548161506652832
cnn,dynamic,iid,TriMean,2,0.1142,2.30130029258728,0.23742185533046722,1.6403239965438843
cnn,dynamic,iid,TriMean,3,0.115,2.301129655456543,0.21945084631443024,1.637384295463562
cnn,dynamic,iid,TriMean,4,0.1154,2.3009604122161864,0.19098404049873352,1.6291494369506836
cnn,dynamic,iid,TriMean,5,0.1161,2.300792638015747,0.1773718297481537,1.6088241338729858
cnn,dynamic,iid,TriMean,6,0.1178,2.3006247024536135,0.16510404646396637,1.5799851417541504
cnn,dynamic,iid,TriMean,7,0.1194,2.300456213378906,0.15380293130874634,1.5632303953170776
cnn,dynamic,iid,TriMean,8,0.1207,2.300289959335327,0.15232554078102112,1.541833519935608
cnn,dynamic,iid,TriMean,9,0.1222,2.3001242561340334,0.1337672472000122,1.5139179229736328
cnn,dynamic,iid,TriMean,10,0.1239,2.299960279083252,0.11523419618606567,1.4824007749557495
cnn,dynamic,iid,TriMean,11,0.1252,2.299798266983032,0.10385892540216446,1.4408000707626343
cnn,dynamic,iid,TriMean,12,0.1266,2.2996396045684815,0.10193255543708801,1.4062175750732422
cnn,dynamic,iid,TriMean,13,0.1274,2.299481300354004,0.08265198022127151,1.3602290153503418
cnn,dynamic,iid,TriMean,14,0.1292,2.2993257995605467,0.07851418107748032,1.3258622884750366
cnn,dynamic,iid,TriMean,15,0.1305,2.2991718059539794,0.07258420437574387,1.2821532487869263
cnn,dynamic,iid,TriMean,16,0.1325,2.2990171508789063,0.06717780232429504,1.2638278007507324
cnn,dynamic,iid,TriMean,17,0.1341,2.298864469528198,0.0684514045715332,1.238929271697998
cnn,dynamic,iid,TriMean,18,0.136,2.2987134601593016,0.06553595513105392,1.2059613466262817
cnn,dynamic,iid,TriMean,19,0.1372,2.2985643081665037,0.06581557542085648,1.1893914937973022
cnn,dynamic,iid,TriMean,20,0.1386,2.2984159774780273,0.0791495069861412,1.1585527658462524
cnn,dynamic,iid,TriMean,21,0.1396,2.29827020072937,0.08111701160669327,1.1254804134368896
cnn,dynamic,iid,TriMean,22,0.1406,2.298124509811401,0.06742534786462784,1.1014981269836426
cnn,dynamic,iid,TriMean,23,0.1419,2.2979803230285643,0.07055183500051498,1.0736984014511108
cnn,dynamic,iid,TriMean,24,0.1434,2.2978369373321534,0.0713910460472107,1.0571751594543457
cnn,dynamic,iid,TriMean,25,0.1446,2.2976944381713866,0.07722083479166031,1.038504719734192
cnn,dynamic,iid,TriMean,26,0.1466,2.2975518310546876,0.0648983046412468,1.0235874652862549
cnn,dynamic,iid,TriMean,27,0.148,2.2974091384887694,0.059338945895433426,1.0078116655349731
cnn,dynamic,iid,TriMean,28,0.149,2.2972683044433593,0.061274778097867966,0.9940414428710938
cnn,dynamic,iid,TriMean,29,0.1507,2.2971275680541994,0.06558213382959366,0.9811320900917053
cnn,dynamic,iid,TriMean,30,0.153,2.2969874557495116,0.06451644003391266,0.9633382558822632
cnn,dynamic,iid,TriMean,31,0.1545,2.2968485942840577,0.0698409155011177,0.9488703012466431
cnn,dynamic,iid,TriMean,32,0.1554,2.296709983062744,0.07153523713350296,0.9409683346748352
cnn,dynamic,iid,TriMean,33,0.1577,2.2965713600158693,0.07131748646497726,0.9286354184150696
cnn,dynamic,iid,TriMean,34,0.1606,2.2964323402404787,0.07769089937210083,0.9249951243400574
cnn,dynamic,iid,TriMean,35,0.1648,2.2962934829711914,0.0749741792678833,0.9175872802734375
cnn,dynamic,iid,TriMean,36,0.1674,2.2961543449401853,0.07221768796443939,0.9070190787315369
cnn,dynamic,iid,TriMean,37,0.1715,2.296016635131836,0.07838957756757736,0.8943997025489807
cnn,dynamic,iid,TriMean,38,0.1743,2.295879641342163,0.07509914040565491,0.8836501836776733
cnn,dynamic,iid,TriMean,39,0.1772,2.2957437713623046,0.07616737484931946,0.8782821297645569
cnn,dynamic,iid,TriMean,40,0.1801,2.2956089500427246,0.0771029070019722,0.858074963092804
cnn,dynamic,iid,TriMean,41,0.1826,2.2954739475250245,0.07574307173490524,0.8523593544960022
cnn,dynamic,iid,TriMean,42,0.1847,2.295338925552368,0.08147622644901276,0.8461195826530457
cnn,dynamic,iid,TriMean,43,0.1862,2.2952044170379637,0.0737115889787674,0.8374432921409607
cnn,dynamic,iid,TriMean,44,0.1882,2.2950703533172607,0.07925431430339813,0.8291148543357849
cnn,dynamic,iid,TriMean,45,0.1891,2.2949366703033447,0.07484417408704758,0.8163357377052307
cnn,dynamic,iid,TriMean,46,0.1909,2.294803495788574,0.07967821508646011,0.8009240627288818
cnn,dynamic,iid,TriMean,47,0.192,2.2946711975097656,0.0717235803604126,0.7870556116104126
cnn,dynamic,iid,TriMean,48,0.1928,2.2945395988464354,0.07116537541151047,0.7830476760864258
cnn,dynamic,iid,TriMean,49,0.1935,2.294409666824341,0.07345040142536163,0.7716907262802124
cnn,dynamic,iid,FABA,0,0.0958,2.301412268829346,0.25364094972610474,1.5985674858093262
cnn,dynamic,iid,FABA,1,0.0958,2.3012731517791747,0.24202729761600494,1.590431571006775
cnn,dynamic,iid,FABA,2,0.0958,2.301134810256958,0.2208469808101654,1.5765876770019531
cnn,dynamic,iid,FABA,3,0.0958,2.3009997390747072,0.20898161828517914,1.5404423475265503
cnn,dynamic,iid,FABA,4,0.0958,2.3008658233642576,0.19203975796699524,1.4987773895263672
cnn,dynamic,iid,FABA,5,0.0958,2.3007328609466553,0.18395867943763733,1.4522649049758911
cnn,dynamic,iid,FABA,6,0.0958,2.3005995849609375,0.163076713681221,1.404351830482483
cnn,dynamic,iid,FABA,7,0.0958,2.300466704940796,0.15100756287574768,1.3448268175125122
cnn,dynamic,iid,FABA,8,0.0958,2.300333874511719,0.14576976001262665,1.2802157402038574
cnn,dynamic,iid,FABA,9,0.0958,2.300199353027344,0.12323718518018723,1.238268494606018
cnn,dynamic,iid,FABA,10,0.0958,2.3000629638671874,0.11464101076126099,1.2044625282287598
cnn,dynamic,iid,FABA,11,0.0958,2.299925136947632,0.10382147133350372,1.1788150072097778
cnn,dynamic,iid,FABA,12,0.0958,2.2997868118286133,0.09731917828321457,1.1679811477661133
cnn,dynamic,iid,FABA,13,0.0958,2.299648595428467,0.09184090793132782,1.1626836061477661
cnn,dynamic,iid,FABA,14,0.0958,2.2995114223480226,0.08428296446800232,1.16217839717865
cnn,dynamic,iid,FABA,15,0.0958,2.2993738395690917,0.06789226084947586,1.1647179126739502
cnn,dynamic,iid,FABA,16,0.0958,2.2992376823425293,0.0633687824010849,1.1710163354873657
cnn,dynamic,iid,FABA,17,0.0958,2.299101741409302,0.0667860358953476,1.180063009262085
cnn,dynamic,iid,FABA,18,0.0958,2.298965506362915,0.0662122443318367,1.1831896305084229
cnn,dynamic,iid,FABA,19,0.0958,2.29882975730896,0.07068175077438354,1.188862919807434
cnn,dynamic,iid,FABA,20,0.0958,2.298695450973511,0.07279498875141144,1.1892333030700684
cnn,dynamic,iid,FABA,21,0.0958,2.298562479019165,0.08001378178596497,1.1822158098220825
cnn,dynamic,iid,FABA,22,0.0958,2.2984311058044433,0.0715116336941719,1.1663628816604614
cnn,dynamic,iid,FABA,23,0.0958,2.2983001613616945,0.07666781544685364,1.1525005102157593
cnn,dynamic,iid,FABA,24,0.0958,2.298170808029175,0.08103828132152557,1.127918004989624
cnn,dynamic,iid,FABA,25,0.0958,2.298042753982544,0.07424420863389969,1.1010165214538574
cnn,dynamic,iid,FABA,26,0.0958,2.297915241241455,0.06864985823631287,1.0700429677963257
cnn,dynamic,iid,FABA,27,0.0958,2.297789587402344,0.06659203767776489,1.0431691408157349
cnn,dynamic,iid,FABA,28,0.0958,2.2976659755706788,0.07285819202661514,0.9999305605888367
cnn,dynamic,iid,FABA,29,0.0958,2.2975448303222654,0.08235630393028259,0.9570565819740295
cnn,dynamic,iid,FABA,30,0.0958,2.2974256843566896,0.07926124334335327,0.9025664329528809
cnn,dynamic,iid,FABA,31,0.0958,2.2973072933197023,0.07245078682899475,0.8632720708847046
cnn,dynamic,iid,FABA,32,0.0958,2.2971895809173586,0.06266781687736511,0.8209670782089233
cnn,dynamic,iid,FABA,33,0.0958,2.2970737468719484,0.06176280602812767,0.7808222770690918
cnn,dynamic,iid,FABA,34,0.0958,2.296958783340454,0.058722708374261856,0.7446208000183105
cnn,dynamic,iid,FABA,35,0.0958,2.296845426940918,0.05743265524506569,0.7119400501251221
cnn,dynamic,iid,FABA,36,0.0958,2.2967327125549315,0.05915754288434982,0.6825442314147949
cnn,dynamic,iid,FABA,37,0.0958,2.2966210563659666,0.06426562368869781,0.6587700247764587
cnn,dynamic,iid,FABA,38,0.0958,2.29650996055603,0.07261451333761215,0.6382625699043274
cnn,dynamic,iid,FABA,39,0.0958,2.296398017883301,0.06889118999242783,0.6239143013954163
cnn,dynamic,iid,FABA,40,0.0958,2.2962871044158937,0.07311113178730011,0.6102079153060913
cnn,dynamic,iid,FABA,41,0.0958,2.296177920913696,0.06948339194059372,0.6005114316940308
cnn,dynamic,iid,FABA,42,0.0958,2.296068613052368,0.06429525464773178,0.5930912494659424
cnn,dynamic,iid,FABA,43,0.0958,2.2959600986480715,0.05888748541474342,0.5852570533752441
cnn,dynamic,iid,FABA,44,0.0958,2.2958510627746582,0.060589153319597244,0.5819205045700073
cnn,dynamic,iid,FABA,45,0.0958,2.2957428329467775,0.06911084055900574,0.5712282061576843
cnn,dynamic,iid,FABA,46,0.0958,2.2956343811035156,0.06481831520795822,0.5655479431152344
cnn,dynamic,iid,FABA,47,0.0958,2.2955258152008056,0.0608183927834034,0.5671414136886597
cnn,dynamic,iid,FABA,48,0.0958,2.2954173095703125,0.06178265064954758,0.541230320930481
cnn,dynamic,iid,FABA,49,0.0958,2.2953090774536133,0.07047954946756363,0.5252202749252319
cnn,dynamic,iid,CC,0,0.1296,2.302149104309082,0.4678782522678375,2.353257656097412
cnn,dynamic,iid,CC,1,0.133,2.3015707916259767,0.4156686067581177,2.3376946449279785
cnn,dynamic,iid,CC,2,0.1361,2.3009921630859376,0.3669576346874237,2.3230364322662354
cnn,dynamic,iid,CC,3,0.141,2.3004144962310793,0.3348306119441986,2.3036141395568848
cnn,dynamic,iid,CC,4,0.1445,2.2998413383483887,0.3102703094482422,2.2931220531463623
cnn,dynamic,iid,CC,5,0.1484,2.2992807121276857,0.2822873592376709,2.245119571685791
cnn,dynamic,iid,CC,6,0.1532,2.2987305019378663,0.26374077796936035,2.1662564277648926
cnn,dynamic,iid,CC,7,0.1576,2.2981917961120604,0.24561895430088043,2.030693769454956
cnn,dynamic,iid,CC,8,0.1614,2.297665119552612,0.22337675094604492,1.9004632234573364
cnn,dynamic,iid,CC,9,0.1663,2.2971493061065673,0.19916607439517975,1.7390886545181274
cnn,dynamic,iid,CC,10,0.17,2.2966495891571044,0.18418890237808228,1.611415982246399
cnn,dynamic,iid,CC,11,0.1728,2.296162984085083,0.17114822566509247,1.4912793636322021
cnn,dynamic,iid,CC,12,0.1754,2.295688061904907,0.15569031238555908,1.4051614999771118
cnn,dynamic,iid,CC,13,0.1777,2.2952273967742918,0.13498832285404205,1.319576382637024
cnn,dynamic,iid,CC,14,0.18,2.2947769241333007,0.11666358262300491,1.254660725593567
cnn,dynamic,iid,CC,15,0.1819,2.294337644958496,0.11996234953403473,1.2098419666290283
cnn,dynamic,iid,CC,16,0.1836,2.29390617980957,0.11475234478712082,1.1696699857711792
cnn,dynamic,iid,CC,17,0.1852,2.2934804298400877,0.11064866185188293,1.1504212617874146
cnn,dynamic,iid,CC,18,0.1877,2.2930614017486572,0.10748955607414246,1.1178423166275024
cnn,dynamic,iid,CC,19,0.1898,2.292648631668091,0.11100582033395767,1.106361746788025
cnn,dynamic,iid,CC,20,0.1914,2.292237923049927,0.1145816519856453,1.1098660230636597
cnn,dynamic,iid,CC,21,0.1935,2.291833087539673,0.11050721257925034,1.1107534170150757
cnn,dynamic,iid,CC,22,0.1952,2.291436779785156,0.11580804735422134,1.1114712953567505
cnn,dynamic,iid,CC,23,0.197,2.2910445571899416,0.11296797543764114,1.1221059560775757
cnn,dynamic,iid,CC,24,0.1989,2.2906571811676026,0.1093764677643776,1.1296894550323486
cnn,dynamic,iid,CC,25,0.2019,2.2902740337371825,0.11378245055675507,1.1463282108306885
cnn,dynamic,iid,CC,26,0.2049,2.2898960151672365,0.11320105195045471,1.156532883644104
cnn,dynamic,iid,CC,27,0.209,2.289521203994751,0.1030561551451683,1.159592866897583
cnn,dynamic,iid,CC,28,0.2115,2.2891515033721923,0.0924629271030426,1.1697618961334229
cnn,dynamic,iid,CC,29,0.2138,2.2887854515075685,0.09583760052919388,1.165277361869812
cnn,dynamic,iid,CC,30,0.2174,2.2884215675354005,0.09155359119176865,1.1387754678726196
cnn,dynamic,iid,CC,31,0.2207,2.2880571323394774,0.10178712755441666,1.1272008419036865
cnn,dynamic,iid,CC,32,0.2252,2.287697889709473,0.10978390276432037,1.1045570373535156
cnn,dynamic,iid,CC,33,0.2291,2.2873399478912355,0.09962344169616699,1.0726423263549805
cnn,dynamic,iid,CC,34,0.2334,2.2869789829254152,0.0873786136507988,1.0196528434753418
cnn,dynamic,iid,CC,35,0.2389,2.2866168308258055,0.09759321808815002,0.9651761054992676
cnn,dynamic,iid,CC,36,0.2452,2.2862566684722903,0.10682930797338486,0.8948729634284973
cnn,dynamic,iid,CC,37,0.2511,2.285893300247192,0.10833363234996796,0.8317787051200867
cnn,dynamic,iid,CC,38,0.2569,2.2855263149261473,0.10037911683320999,0.7775351405143738
cnn,dynamic,iid,CC,39,0.2648,2.2851545433044436,0.09210824221372604,0.7384297847747803
cnn,dynamic,iid,CC,40,0.272,2.284780292510986,0.07918710261583328,0.7073520421981812
cnn,dynamic,iid,CC,41,0.2789,2.284402643585205,0.09325488656759262,0.6789660453796387
cnn,dynamic,iid,CC,42,0.2876,2.2840232986450197,0.11091411858797073,0.6488807201385498
cnn,dynamic,iid,CC,43,0.2986,2.283643788909912,0.10581924021244049,0.619726300239563
cnn,dynamic,iid,CC,44,0.3096,2.283261717605591,0.09868000447750092,0.6044776439666748
cnn,dynamic,iid,CC,45,0.32,2.282879345703125,0.08877229690551758,0.5851230621337891
cnn,dynamic,iid,CC,46,0.3301,2.2824940231323243,0.08748674392700195,0.5718642473220825
cnn,dynamic,iid,CC,47,0.3423,2.2821098491668703,0.08986551314592361,0.5491987466812134
cnn,dynamic,iid,CC,48,0.353,2.2817267578125,0.0956391990184784,0.534461498260498
cnn,dynamic,iid,CC,49,0.3638,2.281338163757324,0.0881768986582756,0.5184581279754639
cnn,dynamic,iid,LFighter,0,0.1102,2.3031154792785644,0.42699339985847473,1.6834455728530884
cnn,dynamic,iid,LFighter,1,0.1107,2.3027657424926757,0.37375494837760925,1.6634125709533691
cnn,dynamic,iid,LFighter,2,0.1099,2.302420539855957,0.3466258943080902,1.664634108543396
cnn,dynamic,iid,LFighter,3,0.1093,2.3020813430786133,0.3184616267681122,1.633644461631775
cnn,dynamic,iid,LFighter,4,0.1082,2.3017477626800535,0.2914378046989441,1.6149539947509766
cnn,dynamic,iid,LFighter,5,0.1079,2.301418466949463,0.2789214551448822,1.6047389507293701
cnn,dynamic,iid,LFighter,6,0.1075,2.3010923553466798,0.24575048685073853,1.5837907791137695
cnn,dynamic,iid,LFighter,7,0.1076,2.3007712989807128,0.22173140943050385,1.5609405040740967
cnn,dynamic,iid,LFighter,8,0.1075,2.3004537788391115,0.20689071714878082,1.5476347208023071
cnn,dynamic,iid,LFighter,9,0.1075,2.300140093612671,0.21779073774814606,1.5282764434814453
cnn,dynamic,iid,LFighter,10,0.1076,2.2998294410705564,0.19156360626220703,1.5172135829925537
cnn,dynamic,iid,LFighter,11,0.1077,2.2995253303527834,0.18153876066207886,1.492028832435608
cnn,dynamic,iid,LFighter,12,0.1079,2.2992232917785644,0.16589941084384918,1.4749730825424194
cnn,dynamic,iid,LFighter,13,0.108,2.2989219612121583,0.14728465676307678,1.469312071800232
cnn,dynamic,iid,LFighter,14,0.1081,2.2986241718292235,0.13661381602287292,1.4591739177703857
cnn,dynamic,iid,LFighter,15,0.1081,2.2983283557891845,0.12868072092533112,1.455182433128357
cnn,dynamic,iid,LFighter,16,0.1083,2.298033448410034,0.11237359791994095,1.4528619050979614
cnn,dynamic,iid,LFighter,17,0.1086,2.2977393852233887,0.10249882191419601,1.455055594444275
cnn,dynamic,iid,LFighter,18,0.109,2.297446076965332,0.10047953575849533,1.4609782695770264
cnn,dynamic,iid,LFighter,19,0.1092,2.297151599884033,0.09864094853401184,1.4646432399749756
cnn,dynamic,iid,LFighter,20,0.1099,2.2968598468780517,0.08656494319438934,1.4665502309799194
cnn,dynamic,iid,LFighter,21,0.1104,2.2965668601989746,0.09117025882005692,1.4704768657684326
cnn,dynamic,iid,LFighter,22,0.1107,2.296275086593628,0.09798898547887802,1.4780651330947876
cnn,dynamic,iid,LFighter,23,0.1111,2.2959838584899903,0.09131569415330887,1.4854917526245117
cnn,dynamic,iid,LFighter,24,0.1115,2.2956938205718993,0.08914393931627274,1.5052874088287354
cnn,dynamic,iid,LFighter,25,0.113,2.295402431869507,0.08542753010988235,1.5098522901535034
cnn,dynamic,iid,LFighter,26,0.1141,2.2951132122039795,0.09609733521938324,1.5263569355010986
cnn,dynamic,iid,LFighter,27,0.1153,2.2948240127563477,0.08896131068468094,1.5389833450317383
cnn,dynamic,iid,LFighter,28,0.1169,2.2945332290649416,0.09765495359897614,1.550162672996521
cnn,dynamic,iid,LFighter,29,0.1186,2.294240055847168,0.10434668511152267,1.5741486549377441
cnn,dynamic,iid,LFighter,30,0.1197,2.29394780960083,0.08418649435043335,1.595167636871338
cnn,dynamic,iid,LFighter,31,0.1207,2.293657464981079,0.09617147594690323,1.6098109483718872
cnn,dynamic,iid,LFighter,32,0.1227,2.2933682525634764,0.08243294060230255,1.6276984214782715
cnn,dynamic,iid,LFighter,33,0.1257,2.2930771667480467,0.08025091141462326,1.6308821439743042
cnn,dynamic,iid,LFighter,34,0.1302,2.2927863887786866,0.09834998100996017,1.6398776769638062
cnn,dynamic,iid,LFighter,35,0.1329,2.2924983783721924,0.10812709480524063,1.6569136381149292
cnn,dynamic,iid,LFighter,36,0.1364,2.2922106437683105,0.11564318090677261,1.6792882680892944
cnn,dynamic,iid,LFighter,37,0.1389,2.2919213424682616,0.11104641109704971,1.7150200605392456
cnn,dynamic,iid,LFighter,38,0.1421,2.2916319557189944,0.1139979138970375,1.7166705131530762
cnn,dynamic,iid,LFighter,39,0.1445,2.2913458068847654,0.11168535053730011,1.731911540031433
cnn,dynamic,iid,LFighter,40,0.1464,2.291062798690796,0.10736963897943497,1.7490532398223877
cnn,dynamic,iid,LFighter,41,0.1474,2.290780902862549,0.09374826401472092,1.758853554725647
cnn,dynamic,iid,LFighter,42,0.1478,2.290499863815308,0.08685842901468277,1.785400152206421
cnn,dynamic,iid,LFighter,43,0.1478,2.2902175941467284,0.08610902726650238,1.803763508796692
cnn,dynamic,iid,LFighter,44,0.1469,2.2899354755401613,0.0842273086309433,1.8167698383331299
cnn,dynamic,iid,LFighter,45,0.1471,2.2896542327880858,0.09067545086145401,1.8417383432388306
cnn,dynamic,iid,LFighter,46,0.1462,2.289373569869995,0.08877505362033844,1.8474178314208984
cnn,dynamic,iid,LFighter,47,0.1464,2.289090730667114,0.09004643559455872,1.8523955345153809
cnn,dynamic,iid,LFighter,48,0.147,2.2888077182769777,0.08159375935792923,1.8627291917800903
cnn,dynamic,iid,LFighter,49,0.1475,2.2885237285614015,0.08694655448198318,1.8866342306137085
cnn,dynamic,dirichlet,Mean,0,0.0958,2.3022283580780027,0.8979879021644592,1.6819111108779907
cnn,dynamic,dirichlet,Mean,1,0.0986,2.301838568496704,0.8916272521018982,1.6777969598770142
cnn,dynamic,dirichlet,Mean,2,0.0994,2.301460539627075,0.8855981826782227,1.671488642692566
cnn,dynamic,dirichlet,Mean,3,0.1011,2.30109497756958,0.8707547187805176,1.638225793838501
cnn,dynamic,dirichlet,Mean,4,0.1023,2.300740984725952,0.8601300120353699,1.6002428531646729
cnn,dynamic,dirichlet,Mean,5,0.1026,2.300395951461792,0.8399141430854797,1.5487630367279053
cnn,dynamic,dirichlet,Mean,6,0.1033,2.300062434005737,0.8347981572151184,1.498464822769165
cnn,dynamic,dirichlet,Mean,7,0.1034,2.2997386627197267,0.8366485834121704,1.4477418661117554
cnn,dynamic,dirichlet,Mean,8,0.104,2.299419672012329,0.8343392610549927,1.3824775218963623
cnn,dynamic,dirichlet,Mean,9,0.104,2.2991037113189696,0.8156917095184326,1.3261017799377441
cnn,dynamic,dirichlet,Mean,10,0.1035,2.298783405303955,0.8259844183921814,1.280766487121582
cnn,dynamic,dirichlet,Mean,11,0.1029,2.298462975692749,0.833987832069397,1.2537763118743896
cnn,dynamic,dirichlet,Mean,12,0.103,2.2981382808685304,0.8519794344902039,1.2416620254516602
cnn,dynamic,dirichlet,Mean,13,0.1024,2.297808219909668,0.8443236947059631,1.2312337160110474
cnn,dynamic,dirichlet,Mean,14,0.1021,2.297473151397705,0.8565772771835327,1.2340930700302124
cnn,dynamic,dirichlet,Mean,15,0.1021,2.2971372135162356,0.8347370624542236,1.2272759675979614
cnn,dynamic,dirichlet,Mean,16,0.102,2.296797277069092,0.8212581872940063,1.2006852626800537
cnn,dynamic,dirichlet,Mean,17,0.1021,2.2964531204223633,0.8465438485145569,1.1747452020645142
cnn,dynamic,dirichlet,Mean,18,0.1019,2.296107331085205,0.8399174213409424,1.137253761291504
cnn,dynamic,dirichlet,Mean,19,0.1021,2.2957603775024413,0.8285086154937744,1.107686161994934
cnn,dynamic,dirichlet,Mean,20,0.1021,2.295409492492676,0.814670205116272,1.0726298093795776
cnn,dynamic,dirichlet,Mean,21,0.1023,2.29505465927124,0.809192955493927,1.0347236394882202
cnn,dynamic,dirichlet,Mean,22,0.1027,2.2946961032867432,0.8134399056434631,1.0135854482650757
cnn,dynamic,dirichlet,Mean,23,0.1027,2.294330480957031,0.8103510737419128,1.0128283500671387
cnn,dynamic,dirichlet,Mean,24,0.1027,2.293963963699341,0.7986519932746887,1.0199147462844849
cnn,dynamic,dirichlet,Mean,25,0.1026,2.293594773864746,0.7931106686592102,1.0307313203811646
cnn,dynamic,dirichlet,Mean,26,0.1027,2.2932233097076415,0.7865784168243408,1.0423908233642578
cnn,dynamic,dirichlet,Mean,27,0.1028,2.292856413269043,0.795725405216217,1.0524206161499023
cnn,dynamic,dirichlet,Mean,28,0.1025,2.2924957958221435,0.8015662431716919,1.0592371225357056
cnn,dynamic,dirichlet,Mean,29,0.1025,2.292135187149048,0.802856981754303,1.0672048330307007
cnn,dynamic,dirichlet,Mean,30,0.1025,2.2917804206848142,0.7961459159851074,1.0512495040893555
cnn,dynamic,dirichlet,Mean,31,0.1025,2.2914310836791993,0.7997573018074036,1.0497592687606812
cnn,dynamic,dirichlet,Mean,32,0.1025,2.291090939331055,0.7910019755363464,1.0317426919937134
cnn,dynamic,dirichlet,Mean,33,0.1024,2.290755033493042,0.7840358018875122,1.0014827251434326
cnn,dynamic,dirichlet,Mean,34,0.1024,2.290423904418945,0.7856900095939636,0.9794521331787109
cnn,dynamic,dirichlet,Mean,35,0.1024,2.2900962951660158,0.791397213935852,0.9500994086265564
cnn,dynamic,dirichlet,Mean,36,0.1025,2.289773672866821,0.7995958924293518,0.9319483041763306
cnn,dynamic,dirichlet,Mean,37,0.1025,2.289455274581909,0.8126722574234009,0.9279958009719849
cnn,dynamic,dirichlet,Mean,38,0.1027,2.2891335319519044,0.8126709461212158,0.9065108299255371
cnn,dynamic,dirichlet,Mean,39,0.1028,2.2888113460540773,0.8002532720565796,0.8945135474205017
cnn,dynamic,dirichlet,Mean,40,0.1034,2.28849446144104,0.7897976636886597,0.868697464466095
cnn,dynamic,dirichlet,Mean,41,0.1036,2.2881751399993897,0.7859755754470825,0.8432309031486511
cnn,dynamic,dirichlet,Mean,42,0.1037,2.287853681945801,0.7861810326576233,0.8374738693237305
cnn,dynamic,dirichlet,Mean,43,0.1044,2.2875289478302,0.7813586592674255,0.818913459777832
cnn,dynamic,dirichlet,Mean,44,0.1048,2.28720574760437,0.7747987508773804,0.7985996007919312
cnn,dynamic,dirichlet,Mean,45,0.1056,2.286882795333862,0.7820370197296143,0.7882996797561646
cnn,dynamic,dirichlet,Mean,46,0.1063,2.286561559677124,0.7916315197944641,0.7750377655029297
cnn,dynamic,dirichlet,Mean,47,0.1067,2.286239457321167,0.7702113389968872,0.7543314695358276
cnn,dynamic,dirichlet,Mean,48,0.1076,2.2859155307769776,0.7780887484550476,0.751452624797821
cnn,dynamic,dirichlet,Mean,49,0.1085,2.2855946300506593,0.7657955288887024,0.7316473126411438
cnn,dynamic,dirichlet,TriMean,0,0.1498,2.3016941513061524,0.8796486258506775,2.4829678535461426
cnn,dynamic,dirichlet,TriMean,1,0.1493,2.3013501888275147,0.8986843824386597,2.4789235591888428
cnn,dynamic,dirichlet,TriMean,2,0.1493,2.3010256580352784,0.9192041158676147,2.4522149562835693
cnn,dynamic,dirichlet,TriMean,3,0.1487,2.300715657043457,0.9283633232116699,2.395061492919922
cnn,dynamic,dirichlet,TriMean,4,0.1494,2.3004214302062986,0.9075904488563538,2.3131179809570312
cnn,dynamic,dirichlet,TriMean,5,0.1504,2.3001353580474855,0.9057754874229431,2.1845414638519287
cnn,dynamic,dirichlet,TriMean,6,0.1489,2.299861515045166,0.9225741624832153,2.0555684566497803
cnn,dynamic,dirichlet,TriMean,7,0.1472,2.299595782470703,0.9416141510009766,1.9161086082458496
cnn,dynamic,dirichlet,TriMean,8,0.1422,2.2993391357421875,0.9427842497825623,1.7918319702148438
cnn,dynamic,dirichlet,TriMean,9,0.1365,2.2990928291320802,0.9346697330474854,1.6685714721679688
cnn,dynamic,dirichlet,TriMean,10,0.1333,2.298854867553711,0.9416823983192444,1.5651217699050903
cnn,dynamic,dirichlet,TriMean,11,0.1309,2.2986250091552733,0.946358859539032,1.4644559621810913
cnn,dynamic,dirichlet,TriMean,12,0.1279,2.2984020484924317,0.9337043166160583,1.3610773086547852
cnn,dynamic,dirichlet,TriMean,13,0.1268,2.2981813579559325,0.9324510097503662,1.2876585721969604
cnn,dynamic,dirichlet,TriMean,14,0.1242,2.2979636192321777,0.9182420372962952,1.2346385717391968
cnn,dynamic,dirichlet,TriMean,15,0.1222,2.2977484519958495,0.9255077242851257,1.211800456047058
cnn,dynamic,dirichlet,TriMean,16,0.1209,2.2975338592529297,0.9305248856544495,1.191036343574524
cnn,dynamic,dirichlet,TriMean,17,0.1198,2.2973215511322023,0.9428775906562805,1.173580527305603
cnn,dynamic,dirichlet,TriMean,18,0.119,2.297113109970093,0.9252021908760071,1.1676220893859863
cnn,dynamic,dirichlet,TriMean,19,0.1185,2.296907445526123,0.9235919713973999,1.1384048461914062
cnn,dynamic,dirichlet,TriMean,20,0.1178,2.296707684326172,0.931385338306427,1.1019303798675537
cnn,dynamic,dirichlet,TriMean,21,0.1169,2.2965148204803465,0.9330635666847229,1.0425869226455688
cnn,dynamic,dirichlet,TriMean,22,0.1162,2.2963308853149416,0.9485159516334534,0.9929088354110718
cnn,dynamic,dirichlet,TriMean,23,0.1154,2.2961559196472168,0.9531905651092529,0.9158687591552734
cnn,dynamic,dirichlet,TriMean,24,0.1151,2.295990622329712,0.9655019044876099,0.8399357199668884
cnn,dynamic,dirichlet,TriMean,25,0.1146,2.2958333923339844,0.9517508745193481,0.7791969180107117
cnn,dynamic,dirichlet,TriMean,26,0.1144,2.2956825790405273,0.9209977984428406,0.7427611947059631
cnn,dynamic,dirichlet,TriMean,27,0.1142,2.2955384407043455,0.927573025226593,0.7212822437286377
cnn,dynamic,dirichlet,TriMean,28,0.114,2.295396469116211,0.9305855631828308,0.7168638706207275
cnn,dynamic,dirichlet,TriMean,29,0.1139,2.2952562576293944,0.9476433396339417,0.7359976172447205
cnn,dynamic,dirichlet,TriMean,30,0.1138,2.2951209926605225,0.9336498379707336,0.7598051428794861
cnn,dynamic,dirichlet,TriMean,31,0.1138,2.294988237762451,0.9232432246208191,0.7894095778465271
cnn,dynamic,dirichlet,TriMean,32,0.1137,2.294858383178711,0.9399164915084839,0.8351185321807861
cnn,dynamic,dirichlet,TriMean,33,0.1137,2.2947282844543455,0.9246883392333984,0.8604469299316406
cnn,dynamic,dirichlet,TriMean,34,0.1137,2.2945994674682617,0.9334997534751892,0.8879664540290833
cnn,dynamic,dirichlet,TriMean,35,0.1137,2.2944728340148925,0.9297475218772888,0.9049069285392761
cnn,dynamic,dirichlet,TriMean,36,0.1136,2.294348662185669,0.9142839312553406,0.90902179479599
cnn,dynamic,dirichlet,TriMean,37,0.1136,2.294224443817139,0.9109728336334229,0.9275115132331848
cnn,dynamic,dirichlet,TriMean,38,0.1136,2.2941010559082033,0.9126517176628113,0.9398340582847595
cnn,dynamic,dirichlet,TriMean,39,0.1135,2.29397911567688,0.9083318114280701,0.944861114025116
cnn,dynamic,dirichlet,TriMean,40,0.1135,2.2938589862823484,0.908729612827301,0.9284310340881348
cnn,dynamic,dirichlet,TriMean,41,0.1135,2.29373889465332,0.8827618956565857,0.9204892516136169
cnn,dynamic,dirichlet,TriMean,42,0.1135,2.2936206859588624,0.8960167765617371,0.9136651754379272
cnn,dynamic,dirichlet,TriMean,43,0.1135,2.2935034980773925,0.8974279761314392,0.9331428408622742
cnn,dynamic,dirichlet,TriMean,44,0.1135,2.2933875549316407,0.8987920880317688,0.9242457747459412
cnn,dynamic,dirichlet,TriMean,45,0.1135,2.2932696197509768,0.8924482464790344,0.9349443316459656
cnn,dynamic,dirichlet,TriMean,46,0.1135,2.2931524490356447,0.8779271245002747,0.9200625419616699
cnn,dynamic,dirichlet,TriMean,47,0.1135,2.2930325122833253,0.8851441740989685,0.8935644626617432
cnn,dynamic,dirichlet,TriMean,48,0.1135,2.2929145950317382,0.9042561054229736,0.8957107663154602
cnn,dynamic,dirichlet,TriMean,49,0.1135,2.292794482040405,0.9081747531890869,0.8824714422225952
cnn,dynamic,dirichlet,FABA,0,0.0959,2.30688998298645,0.6597855091094971,1.4796518087387085
cnn,dynamic,dirichlet,FABA,1,0.0959,2.30664271774292,0.6549652814865112,1.475804328918457
cnn,dynamic,dirichlet,FABA,2,0.0959,2.3063960987091066,0.6344388127326965,1.4516710042953491
cnn,dynamic,dirichlet,FABA,3,0.0959,2.3061544231414794,0.6159353256225586,1.4262888431549072
cnn,dynamic,dirichlet,FABA,4,0.096,2.305916927719116,0.6114538908004761,1.383394718170166
cnn,dynamic,dirichlet,FABA,5,0.0962,2.305681753540039,0.6085545420646667,1.3279695510864258
cnn,dynamic,dirichlet,FABA,6,0.0963,2.3054478118896484,0.6068915724754333,1.2686830759048462
cnn,dynamic,dirichlet,FABA,7,0.0965,2.305217780303955,0.6065346002578735,1.2228409051895142
cnn,dynamic,dirichlet,FABA,8,0.0967,2.3049913497924805,0.6000615954399109,1.1889010667800903
cnn,dynamic,dirichlet,FABA,9,0.0968,2.3047657718658447,0.5885831713676453,1.1705389022827148
cnn,dynamic,dirichlet,FABA,10,0.0967,2.3045402126312258,0.5952765941619873,1.1517534255981445
cnn,dynamic,dirichlet,FABA,11,0.0971,2.3043154724121093,0.5889521241188049,1.1246007680892944
cnn,dynamic,dirichlet,FABA,12,0.0974,2.304094277191162,0.5857340693473816,1.1126923561096191
cnn,dynamic,dirichlet,FABA,13,0.0974,2.303877430343628,0.5800977349281311,1.105919361114502
cnn,dynamic,dirichlet,FABA,14,0.0982,2.3036641220092773,0.5824452638626099,1.0671242475509644
cnn,dynamic,dirichlet,FABA,15,0.0985,2.3034551193237305,0.5747380256652832,1.0410155057907104
cnn,dynamic,dirichlet,FABA,16,0.0989,2.3032494552612306,0.5614758729934692,1.0044249296188354
cnn,dynamic,dirichlet,FABA,17,0.0993,2.3030478729248047,0.5579359531402588,0.9712466597557068
cnn,dynamic,dirichlet,FABA,18,0.0997,2.30284602394104,0.5418190956115723,0.9445673227310181
cnn,dynamic,dirichlet,FABA,19,0.1005,2.302648170852661,0.5427459478378296,0.9209625124931335
cnn,dynamic,dirichlet,FABA,20,0.102,2.302453225326538,0.5477288365364075,0.8996532559394836
cnn,dynamic,dirichlet,FABA,21,0.1024,2.3022619861602784,0.55348140001297,0.8748173117637634
cnn,dynamic,dirichlet,FABA,22,0.103,2.302074917602539,0.5607362389564514,0.8713135123252869
cnn,dynamic,dirichlet,FABA,23,0.1049,2.301890425491333,0.5589800477027893,0.8759058713912964
cnn,dynamic,dirichlet,FABA,24,0.1059,2.3017091911315917,0.5580146312713623,0.8839483261108398
cnn,dynamic,dirichlet,FABA,25,0.1066,2.301528169250488,0.5522888898849487,0.8689503073692322
cnn,dynamic,dirichlet,FABA,26,0.1073,2.301348726272583,0.5508507490158081,0.8774516582489014
cnn,dynamic,dirichlet,FABA,27,0.1085,2.301170886230469,0.5476688742637634,0.8855617046356201
cnn,dynamic,dirichlet,FABA,28,0.1102,2.3009940578460695,0.5447729229927063,0.8956611156463623
cnn,dynamic,dirichlet,FABA,29,0.1121,2.300820454788208,0.5378770232200623,0.9040023684501648
cnn,dynamic,dirichlet,FABA,30,0.1143,2.3006473693847656,0.5322604775428772,0.9157699942588806
cnn,dynamic,dirichlet,FABA,31,0.1163,2.3004769165039063,0.5404385328292847,0.9117155075073242
cnn,dynamic,dirichlet,FABA,32,0.1176,2.3003092838287356,0.5449725389480591,0.907001793384552
cnn,dynamic,dirichlet,FABA,33,0.1195,2.3001431018829344,0.553737998008728,0.907467782497406
cnn,dynamic,dirichlet,FABA,34,0.1222,2.299978521728516,0.551689088344574,0.9040572047233582
cnn,dynamic,dirichlet,FABA,35,0.1244,2.2998153144836424,0.5597580671310425,0.9092912673950195
cnn,dynamic,dirichlet,FABA,36,0.1273,2.2996570198059083,0.5624046921730042,0.8985953330993652
cnn,dynamic,dirichlet,FABA,37,0.129,2.2995014987945557,0.5650951862335205,0.8964800238609314
cnn,dynamic,dirichlet,FABA,38,0.1307,2.2993479888916015,0.5596741437911987,0.9028573632240295
cnn,dynamic,dirichlet,FABA,39,0.1326,2.2991967994689944,0.5493581891059875,0.9058142900466919
cnn,dynamic,dirichlet,FABA,40,0.1334,2.299048846054077,0.5528112649917603,0.8826097846031189
cnn,dynamic,dirichlet,FABA,41,0.1347,2.2989019165039064,0.5495151281356812,0.8783203363418579
cnn,dynamic,dirichlet,FABA,42,0.1356,2.298756764602661,0.5589918494224548,0.8744632005691528
cnn,dynamic,dirichlet,FABA,43,0.1367,2.2986134311676025,0.563343346118927,0.866299569606781
cnn,dynamic,dirichlet,FABA,44,0.1375,2.298468993759155,0.5716480016708374,0.8513954877853394
cnn,dynamic,dirichlet,FABA,45,0.1388,2.298323252105713,0.5642954707145691,0.8448004722595215
cnn,dynamic,dirichlet,FABA,46,0.1399,2.2981783264160156,0.5707257390022278,0.8441123366355896
cnn,dynamic,dirichlet,FABA,47,0.1417,2.2980362339019775,0.5610941648483276,0.8361570835113525
cnn,dynamic,dirichlet,FABA,48,0.1438,2.297895175552368,0.5633777976036072,0.8321958780288696
cnn,dynamic,dirichlet,FABA,49,0.1448,2.2977552165985107,0.5641992092132568,0.8232792615890503
cnn,dynamic,dirichlet,CC,0,0.1094,2.304623896408081,1.0637669563293457,2.4784018993377686
cnn,dynamic,dirichlet,CC,1,0.1099,2.3040896633148193,1.0492957830429077,2.4778435230255127
cnn,dynamic,dirichlet,CC,2,0.1129,2.303593585586548,1.0282565355300903,2.46109938621521
cnn,dynamic,dirichlet,CC,3,0.1118,2.30312612991333,1.0109467506408691,2.429011106491089
cnn,dynamic,dirichlet,CC,4,0.1103,2.3026898342132567,0.9931250214576721,2.362356185913086
cnn,dynamic,dirichlet,CC,5,0.1125,2.3022840366363524,0.9939045906066895,2.281233787536621
cnn,dynamic,dirichlet,CC,6,0.1115,2.301902924346924,0.9920356273651123,2.1396384239196777
cnn,dynamic,dirichlet,CC,7,0.1089,2.3015419174194336,0.9727267026901245,2.0069563388824463
cnn,dynamic,dirichlet,CC,8,0.1066,2.3011995346069334,0.9665721654891968,1.8913275003433228
cnn,dynamic,dirichlet,CC,9,0.1056,2.300869104385376,0.9659040570259094,1.772091269493103
cnn,dynamic,dirichlet,CC,10,0.1042,2.300553115463257,0.9464817047119141,1.679303526878357
cnn,dynamic,dirichlet,CC,11,0.1042,2.3002437538146974,0.9406375885009766,1.621678352355957
cnn,dynamic,dirichlet,CC,12,0.105,2.299942562484741,0.9263203144073486,1.5964736938476562
cnn,dynamic,dirichlet,CC,13,0.1051,2.2996499843597413,0.9453754425048828,1.5911868810653687
cnn,dynamic,dirichlet,CC,14,0.105,2.2993658126831056,0.9202906489372253,1.600135326385498
cnn,dynamic,dirichlet,CC,15,0.1045,2.2990921615600586,0.9115538597106934,1.621202826499939
cnn,dynamic,dirichlet,CC,16,0.1044,2.298825005722046,0.903424859046936,1.649881362915039
cnn,dynamic,dirichlet,CC,17,0.1041,2.2985651756286622,0.8928130865097046,1.6594257354736328
cnn,dynamic,dirichlet,CC,18,0.1041,2.298316344833374,0.9120414853096008,1.652683973312378
cnn,dynamic,dirichlet,CC,19,0.1041,2.298078308868408,0.9212292432785034,1.632291316986084
cnn,dynamic,dirichlet,CC,20,0.1041,2.297852925109863,0.8997405767440796,1.5716447830200195
cnn,dynamic,dirichlet,CC,21,0.1041,2.2976359088897707,0.8838491439819336,1.5009424686431885
cnn,dynamic,dirichlet,CC,22,0.104,2.2974249584198,0.8895394802093506,1.4255727529525757
cnn,dynamic,dirichlet,CC,23,0.104,2.2972224025726318,0.8984749913215637,1.351348876953125
cnn,dynamic,dirichlet,CC,24,0.1039,2.2970202934265136,0.9089513421058655,1.3027063608169556
cnn,dynamic,dirichlet,CC,25,0.1038,2.2968199020385742,0.897473156452179,1.2564148902893066
cnn,dynamic,dirichlet,CC,26,0.1037,2.296614980697632,0.8909197449684143,1.2170357704162598
cnn,dynamic,dirichlet,CC,27,0.1036,2.296404034423828,0.8782602548599243,1.1908082962036133
cnn,dynamic,dirichlet,CC,28,0.1036,2.296189141845703,0.8964279294013977,1.1532107591629028
cnn,dynamic,dirichlet,CC,29,0.1036,2.295975494003296,0.867767870426178,1.0699542760849
cnn,dynamic,dirichlet,CC,30,0.1039,2.295762886428833,0.857446014881134,1.0071876049041748
cnn,dynamic,dirichlet,CC,31,0.1039,2.2955467582702638,0.8663333058357239,0.955325186252594
cnn,dynamic,dirichlet,CC,32,0.1042,2.2953284927368163,0.8597166538238525,0.9280781149864197
cnn,dynamic,dirichlet,CC,33,0.1042,2.29510856590271,0.8801449537277222,0.8957176208496094
cnn,dynamic,dirichlet,CC,34,0.1042,2.2948874885559083,0.8769978284835815,0.8438261151313782
cnn,dynamic,dirichlet,CC,35,0.1048,2.2946657718658448,0.8642289042472839,0.8242581486701965
cnn,dynamic,dirichlet,CC,36,0.1049,2.294443779754639,0.846545398235321,0.7969434261322021
cnn,dynamic,dirichlet,CC,37,0.1057,2.2942207633972167,0.8436360359191895,0.784580647945404
cnn,dynamic,dirichlet,CC,38,0.106,2.2939989105224607,0.8371307849884033,0.7815871834754944
cnn,dynamic,dirichlet,CC,39,0.1064,2.293775874710083,0.8508603572845459,0.7804107666015625
cnn,dynamic,dirichlet,CC,40,0.107,2.2935517463684083,0.8512067198753357,0.7662511467933655
cnn,dynamic,dirichlet,CC,41,0.1075,2.2933277675628663,0.8528339266777039,0.7491554617881775
cnn,dynamic,dirichlet,CC,42,0.1082,2.293104452896118,0.887978196144104,0.7417812347412109
cnn,dynamic,dirichlet,CC,43,0.1094,2.292879447555542,0.8938599824905396,0.6960282921791077
cnn,dynamic,dirichlet,CC,44,0.1105,2.2926510848999024,0.9126169681549072,0.6519837379455566
cnn,dynamic,dirichlet,CC,45,0.1121,2.2924239772796633,0.8962693810462952,0.6287288069725037
cnn,dynamic,dirichlet,CC,46,0.1142,2.2921984436035157,0.8880233764648438,0.6130383014678955
cnn,dynamic,dirichlet,CC,47,0.1163,2.2919779529571533,0.8953282237052917,0.6100157499313354
cnn,dynamic,dirichlet,CC,48,0.1194,2.291760177612305,0.8804326057434082,0.6037186980247498
cnn,dynamic,dirichlet,CC,49,0.1215,2.2915421352386476,0.8910872936248779,0.6092251539230347
cnn,dynamic,dirichlet,LFighter,0,0.0892,2.3064205020904542,0.9899801015853882,1.7493449449539185
cnn,dynamic,dirichlet,LFighter,1,0.0892,2.3059960399627686,0.9827622771263123,1.7528948783874512
cnn,dynamic,dirichlet,LFighter,2,0.0892,2.305582667160034,0.9745485186576843,1.75300133228302
cnn,dynamic,dirichlet,LFighter,3,0.0892,2.305176735687256,0.9819625616073608,1.7478151321411133
cnn,dynamic,dirichlet,LFighter,4,0.0892,2.3047767604827882,0.9770299792289734,1.7599958181381226
cnn,dynamic,dirichlet,LFighter,5,0.0892,2.304382608795166,0.9700062870979309,1.7656807899475098
cnn,dynamic,dirichlet,LFighter,6,0.0892,2.3039917823791503,0.9656775593757629,1.769891381263733
cnn,dynamic,dirichlet,LFighter,7,0.0892,2.3036081020355224,0.9839290380477905,1.770495057106018
cnn,dynamic,dirichlet,LFighter,8,0.0892,2.3032323005676267,0.9617305397987366,1.7730380296707153
cnn,dynamic,dirichlet,LFighter,9,0.0892,2.302863934326172,0.9464365839958191,1.7868666648864746
cnn,dynamic,dirichlet,LFighter,10,0.0891,2.302494802856445,0.9455516934394836,1.7843666076660156
cnn,dynamic,dirichlet,LFighter,11,0.0889,2.3021349853515627,0.930894136428833,1.8007862567901611
cnn,dynamic,dirichlet,LFighter,12,0.0886,2.301773806762695,0.9318145513534546,1.796018123626709
cnn,dynamic,dirichlet,LFighter,13,0.0882,2.3014153747558592,0.9268884062767029,1.8136752843856812
cnn,dynamic,dirichlet,LFighter,14,0.0869,2.3010595474243165,0.9202719926834106,1.8272521495819092
cnn,dynamic,dirichlet,LFighter,15,0.0851,2.3007031654357912,0.9052242636680603,1.8573634624481201
cnn,dynamic,dirichlet,LFighter,16,0.0818,2.3003499237060545,0.914615273475647,1.8891714811325073
cnn,dynamic,dirichlet,LFighter,17,0.078,2.2999962375640868,0.9098960161209106,1.8979064226150513
cnn,dynamic,dirichlet,LFighter,18,0.0732,2.299644999694824,0.914506733417511,1.910789132118225
cnn,dynamic,dirichlet,LFighter,19,0.0692,2.299289083099365,0.9126747846603394,1.9320120811462402
cnn,dynamic,dirichlet,LFighter,20,0.0658,2.2989349853515626,0.9014618396759033,1.9465596675872803
cnn,dynamic,dirichlet,LFighter,21,0.063,2.298584345626831,0.8996956944465637,1.9607973098754883
cnn,dynamic,dirichlet,LFighter,22,0.0597,2.2982352478027344,0.8884626626968384,1.9625400304794312
cnn,dynamic,dirichlet,LFighter,23,0.0595,2.2978832038879395,0.8811309337615967,1.9874876737594604
cnn,dynamic,dirichlet,LFighter,24,0.0615,2.297535146331787,0.881845235824585,2.0029988288879395
cnn,dynamic,dirichlet,LFighter,25,0.0629,2.2971832820892333,0.8818047046661377,2.0021257400512695
cnn,dynamic,dirichlet,LFighter,26,0.0661,2.296830961227417,0.8902016282081604,2.00707745552063
cnn,dynamic,dirichlet,LFighter,27,0.0673,2.296480265045166,0.878204345703125,2.028317928314209
cnn,dynamic,dirichlet,LFighter,28,0.0717,2.296131816101074,0.8824371099472046,2.03320574760437
cnn,dynamic,dirichlet,LFighter,29,0.0757,2.2957842834472655,0.891937255859375,2.047884225845337
cnn,dynamic,dirichlet,LFighter,30,0.0805,2.2954377910614014,0.8741735816001892,2.044740915298462
cnn,dynamic,dirichlet,LFighter,31,0.0819,2.2950960163116454,0.8874724507331848,2.0380499362945557
cnn,dynamic,dirichlet,LFighter,32,0.0861,2.294757932281494,0.8905892372131348,2.0491034984588623
cnn,dynamic,dirichlet,LFighter,33,0.0888,2.294419465637207,0.8875030279159546,2.0514485836029053
cnn,dynamic,dirichlet,LFighter,34,0.0899,2.2940820568084717,0.8892186880111694,2.0356812477111816
cnn,dynamic,dirichlet,LFighter,35,0.0917,2.293747451019287,0.8950706124305725,2.037416458129883
cnn,dynamic,dirichlet,LFighter,36,0.093,2.2934175197601316,0.9030568599700928,2.033032178878784
cnn,dynamic,dirichlet,LFighter,37,0.0941,2.293090961456299,0.9035179615020752,2.0431127548217773
cnn,dynamic,dirichlet,LFighter,38,0.0953,2.292762392044067,0.8941664695739746,2.0521435737609863
cnn,dynamic,dirichlet,LFighter,39,0.0959,2.2924347793579103,0.8909239172935486,2.0559723377227783
cnn,dynamic,dirichlet,LFighter,40,0.0956,2.292108403778076,0.8915767669677734,2.03932523727417
cnn,dynamic,dirichlet,LFighter,41,0.0958,2.291778961181641,0.9086948037147522,2.037583112716675
cnn,dynamic,dirichlet,LFighter,42,0.0959,2.2914493576049804,0.9013054370880127,2.0441229343414307
cnn,dynamic,dirichlet,LFighter,43,0.0963,2.2911209140777586,0.8968063592910767,2.025364637374878
cnn,dynamic,dirichlet,LFighter,44,0.0962,2.290788935470581,0.9088931679725647,2.0421793460845947
cnn,dynamic,dirichlet,LFighter,45,0.0965,2.2904569038391114,0.9000949859619141,2.040566921234131
cnn,dynamic,dirichlet,LFighter,46,0.0968,2.290123899459839,0.9122234582901001,2.0162441730499268
cnn,dynamic,dirichlet,LFighter,47,0.0968,2.2897921043395995,0.9240474104881287,2.0112850666046143
cnn,dynamic,dirichlet,LFighter,48,0.0968,2.2894634773254396,0.929315447807312,2.0142910480499268
cnn,dynamic,dirichlet,LFighter,49,0.0969,2.2891301048278807,0.9322817921638489,2.01096248626709
cnn,dynamic,noniid,Mean,0,0.1024,2.306719884490967,2.277698516845703,1.0493686199188232
cnn,dynamic,noniid,Mean,1,0.1031,2.3063087158203124,2.2764806747436523,1.060347557067871
cnn,dynamic,noniid,Mean,2,0.1035,2.3059004364013673,2.273862600326538,1.0416009426116943
cnn,dynamic,noniid,Mean,3,0.1037,2.305494699859619,2.274610996246338,1.0329692363739014
cnn,dynamic,noniid,Mean,4,0.1031,2.3050881214141845,2.2745018005371094,1.039961576461792
cnn,dynamic,noniid,Mean,5,0.104,2.3046820949554445,2.2709152698516846,1.068523645401001
cnn,dynamic,noniid,Mean,6,0.1043,2.304277576446533,2.2676351070404053,1.082837462425232
cnn,dynamic,noniid,Mean,7,0.1044,2.3038731700897217,2.265697717666626,1.114073634147644
cnn,dynamic,noniid,Mean,8,0.1041,2.303469552230835,2.2602286338806152,1.1425132751464844
cnn,dynamic,noniid,Mean,9,0.1044,2.303067440032959,2.256537675857544,1.17197585105896
cnn,dynamic,noniid,Mean,10,0.1043,2.302665588760376,2.2528393268585205,1.204653024673462
cnn,dynamic,noniid,Mean,11,0.1044,2.3022658699035645,2.246206760406494,1.2267059087753296
cnn,dynamic,noniid,Mean,12,0.1039,2.30186852722168,2.2383439540863037,1.2529141902923584
cnn,dynamic,noniid,Mean,13,0.1035,2.3014742877960206,2.2354953289031982,1.2702693939208984
cnn,dynamic,noniid,Mean,14,0.1034,2.3010825527191163,2.2343711853027344,1.2921233177185059
cnn,dynamic,noniid,Mean,15,0.1032,2.3006924392700197,2.2354822158813477,1.3075084686279297
cnn,dynamic,noniid,Mean,16,0.1031,2.3003050243377685,2.233218193054199,1.3158974647521973
cnn,dynamic,noniid,Mean,17,0.1029,2.299920753479004,2.231159210205078,1.31784987449646
cnn,dynamic,noniid,Mean,18,0.1029,2.2995395908355714,2.2270944118499756,1.3361955881118774
cnn,dynamic,noniid,Mean,19,0.1027,2.2991613819122314,2.2253642082214355,1.3531560897827148
cnn,dynamic,noniid,Mean,20,0.1025,2.2987858116149904,2.2251274585723877,1.3725996017456055
cnn,dynamic,noniid,Mean,21,0.1025,2.2984138706207276,2.2208445072174072,1.393473505973816
cnn,dynamic,noniid,Mean,22,0.1025,2.298044676589966,2.2184958457946777,1.415820837020874
cnn,dynamic,noniid,Mean,23,0.1024,2.297677473449707,2.2202906608581543,1.4341099262237549
cnn,dynamic,noniid,Mean,24,0.1024,2.297313967514038,2.2168185710906982,1.4471079111099243
cnn,dynamic,noniid,Mean,25,0.1024,2.29695392036438,2.212265729904175,1.4643322229385376
cnn,dynamic,noniid,Mean,26,0.1024,2.296596574783325,2.2084436416625977,1.4645904302597046
cnn,dynamic,noniid,Mean,27,0.1024,2.296240589904785,2.2091760635375977,1.476953387260437
cnn,dynamic,noniid,Mean,28,0.1023,2.29588526802063,2.2101595401763916,1.4909350872039795
cnn,dynamic,noniid,Mean,29,0.1023,2.2955309246063234,2.20843505859375,1.4970945119857788
cnn,dynamic,noniid,Mean,30,0.1023,2.2951784172058107,2.2075328826904297,1.5024089813232422
cnn,dynamic,noniid,Mean,31,0.1023,2.294827335357666,2.2035021781921387,1.500179648399353
cnn,dynamic,noniid,Mean,32,0.1023,2.2944777488708494,2.1998777389526367,1.4973453283309937
cnn,dynamic,noniid,Mean,33,0.1022,2.2941282707214357,2.195690631866455,1.5014644861221313
cnn,dynamic,noniid,Mean,34,0.1022,2.293778586578369,2.1976351737976074,1.5052776336669922
cnn,dynamic,noniid,Mean,35,0.1022,2.293429515838623,2.198528528213501,1.5015180110931396
cnn,dynamic,noniid,Mean,36,0.1022,2.293081015396118,2.199991226196289,1.5061801671981812
cnn,dynamic,noniid,Mean,37,0.1022,2.2927314575195314,2.1985177993774414,1.5082952976226807
cnn,dynamic,noniid,Mean,38,0.1022,2.292379819869995,2.2024106979370117,1.5182629823684692
cnn,dynamic,noniid,Mean,39,0.1022,2.2920283237457277,2.20274019241333,1.519938349723816
cnn,dynamic,noniid,Mean,40,0.1022,2.2916762451171877,2.2008888721466064,1.5229333639144897
cnn,dynamic,noniid,Mean,41,0.1022,2.2913228828430174,2.2026922702789307,1.5141583681106567
cnn,dynamic,noniid,Mean,42,0.1021,2.290969789505005,2.2052624225616455,1.521030306816101
cnn,dynamic,noniid,Mean,43,0.1021,2.290617678451538,2.2092485427856445,1.507293939590454
cnn,dynamic,noniid,Mean,44,0.1021,2.290263678741455,2.21282958984375,1.5025317668914795
cnn,dynamic,noniid,Mean,45,0.1022,2.289910638809204,2.2160096168518066,1.5119584798812866
cnn,dynamic,noniid,Mean,46,0.1022,2.2895569599151613,2.2169172763824463,1.5252877473831177
cnn,dynamic,noniid,Mean,47,0.1023,2.2892021404266356,2.219909906387329,1.528730869293213
cnn,dynamic,noniid,Mean,48,0.1023,2.2888474311828615,2.224048376083374,1.5262229442596436
cnn,dynamic,noniid,Mean,49,0.1023,2.288493478393555,2.2255613803863525,1.5235487222671509
cnn,dynamic,noniid,TriMean,0,0.1021,2.3030276622772217,2.501976251602173,1.6956286430358887
cnn,dynamic,noniid,TriMean,1,0.1073,2.302727909088135,2.49735426902771,1.6823781728744507
cnn,dynamic,noniid,TriMean,2,0.1127,2.302460235977173,2.491253137588501,1.659511923789978
cnn,dynamic,noniid,TriMean,3,0.1152,2.30222015914917,2.4853456020355225,1.642033576965332
cnn,dynamic,noniid,TriMean,4,0.1158,2.3020112464904785,2.477898120880127,1.6188774108886719
cnn,dynamic,noniid,TriMean,5,0.1163,2.3018351440429687,2.4692296981811523,1.5830146074295044
cnn,dynamic,noniid,TriMean,6,0.1153,2.3016851356506347,2.461268901824951,1.5434684753417969
cnn,dynamic,noniid,TriMean,7,0.1119,2.3015555290222167,2.4483447074890137,1.4802817106246948
cnn,dynamic,noniid,TriMean,8,0.1096,2.3014334297180175,2.4384589195251465,1.3851737976074219
cnn,dynamic,noniid,TriMean,9,0.1083,2.3013061729431152,2.4275989532470703,1.2917344570159912
cnn,dynamic,noniid,TriMean,10,0.106,2.3011681255340575,2.4135162830352783,1.2461379766464233
cnn,dynamic,noniid,TriMean,11,0.1048,2.3010209785461426,2.400754928588867,1.2618145942687988
cnn,dynamic,noniid,TriMean,12,0.1044,2.3008603286743163,2.393948793411255,1.2935600280761719
cnn,dynamic,noniid,TriMean,13,0.103,2.300689137649536,2.3899433612823486,1.3287475109100342
cnn,dynamic,noniid,TriMean,14,0.102,2.300511068725586,2.3811464309692383,1.358882188796997
cnn,dynamic,noniid,TriMean,15,0.1021,2.300336287689209,2.375922441482544,1.363097906112671
cnn,dynamic,noniid,TriMean,16,0.1033,2.300169506072998,2.366105318069458,1.3547905683517456
cnn,dynamic,noniid,TriMean,17,0.1041,2.300020182800293,2.361861228942871,1.303025245666504
cnn,dynamic,noniid,TriMean,18,0.1053,2.2998946388244628,2.354792356491089,1.2456743717193604
cnn,dynamic,noniid,TriMean,19,0.1068,2.299790909194946,2.3449997901916504,1.2207932472229004
cnn,dynamic,noniid,TriMean,20,0.1084,2.299712880706787,2.3363194465637207,1.2099322080612183
cnn,dynamic,noniid,TriMean,21,0.1097,2.2996560180664063,2.3270390033721924,1.1996560096740723
cnn,dynamic,noniid,TriMean,22,0.1106,2.2996158908843993,2.318789482116699,1.1826967000961304
cnn,dynamic,noniid,TriMean,23,0.1112,2.299583850860596,2.3114402294158936,1.123494029045105
cnn,dynamic,noniid,TriMean,24,0.1118,2.299554744720459,2.3047425746917725,1.0708080530166626
cnn,dynamic,noniid,TriMean,25,0.1123,2.2995239803314207,2.303917646408081,1.0368478298187256
cnn,dynamic,noniid,TriMean,26,0.1128,2.299489291763306,2.3041555881500244,1.0337334871292114
cnn,dynamic,noniid,TriMean,27,0.1137,2.2994484340667722,2.3057520389556885,1.061336874961853
cnn,dynamic,noniid,TriMean,28,0.1143,2.2994060260772704,2.304036855697632,1.0717753171920776
cnn,dynamic,noniid,TriMean,29,0.1143,2.299362371826172,2.3050272464752197,1.082686424255371
cnn,dynamic,noniid,TriMean,30,0.1136,2.2993177742004396,2.3075356483459473,1.0749456882476807
cnn,dynamic,noniid,TriMean,31,0.1129,2.299273976135254,2.3088483810424805,1.0616424083709717
cnn,dynamic,noniid,TriMean,32,0.1118,2.2992309795379637,2.3121373653411865,1.01900315284729
cnn,dynamic,noniid,TriMean,33,0.1106,2.2991905254364013,2.3118233680725098,0.9681514501571655
cnn,dynamic,noniid,TriMean,34,0.1093,2.299151877593994,2.3110620975494385,0.9144753813743591
cnn,dynamic,noniid,TriMean,35,0.1081,2.2991142608642576,2.315190315246582,0.8392199873924255
cnn,dynamic,noniid,TriMean,36,0.1076,2.2990749725341795,2.319275140762329,0.7440100312232971
cnn,dynamic,noniid,TriMean,37,0.1066,2.2990340557098388,2.3196372985839844,0.6940624713897705
cnn,dynamic,noniid,TriMean,38,0.1059,2.2989899749755858,2.320167064666748,0.6524099707603455
cnn,dynamic,noniid,TriMean,39,0.1051,2.298944295501709,2.3205478191375732,0.6666818857192993
cnn,dynamic,noniid,TriMean,40,0.1046,2.2988953590393066,2.325751543045044,0.7326287031173706
cnn,dynamic,noniid,TriMean,41,0.1043,2.2988439601898194,2.3284647464752197,0.8169447183609009
cnn,dynamic,noniid,TriMean,42,0.1036,2.2987922496795656,2.327901601791382,0.8909952640533447
cnn,dynamic,noniid,TriMean,43,0.1034,2.298740762710571,2.3282856941223145,0.9261252880096436
cnn,dynamic,noniid,TriMean,44,0.1031,2.2986887104034426,2.329718589782715,0.9590957760810852
cnn,dynamic,noniid,TriMean,45,0.1029,2.298636444091797,2.3320705890655518,0.9780153632164001
cnn,dynamic,noniid,TriMean,46,0.1028,2.2985846099853515,2.3295836448669434,0.9913312196731567
cnn,dynamic,noniid,TriMean,47,0.1028,2.2985310787200928,2.3272387981414795,0.999377429485321
cnn,dynamic,noniid,TriMean,48,0.1028,2.298477297592163,2.3305184841156006,0.9996131062507629
cnn,dynamic,noniid,TriMean,49,0.1028,2.298422123718262,2.3320491313934326,1.0436909198760986
cnn,dynamic,noniid,FABA,0,0.0982,2.301888597869873,2.3012804985046387,2.1860711574554443
cnn,dynamic,noniid,FABA,1,0.0984,2.301601941680908,2.298250913619995,2.1482057571411133
cnn,dynamic,noniid,FABA,2,0.0985,2.3013382919311525,2.294508695602417,2.004680633544922
cnn,dynamic,noniid,FABA,3,0.0985,2.301097354888916,2.2955071926116943,1.8540323972702026
cnn,dynamic,noniid,FABA,4,0.0984,2.300874284362793,2.2946577072143555,1.7248070240020752
cnn,dynamic,noniid,FABA,5,0.0982,2.3006656131744383,2.2921297550201416,1.6290172338485718
cnn,dynamic,noniid,FABA,6,0.0982,2.30046946105957,2.2859108448028564,1.5694223642349243
cnn,dynamic,noniid,FABA,7,0.0982,2.3002820262908936,2.2782366275787354,1.5408666133880615
cnn,dynamic,noniid,FABA,8,0.0982,2.3001024814605713,2.267192840576172,1.537786602973938
cnn,dynamic,noniid,FABA,9,0.0982,2.2999294261932373,2.2626023292541504,1.538988709449768
cnn,dynamic,noniid,FABA,10,0.0982,2.2997624935150145,2.257459878921509,1.5544507503509521
cnn,dynamic,noniid,FABA,11,0.0982,2.2995979396820068,2.246589183807373,1.5305169820785522
cnn,dynamic,noniid,FABA,12,0.0982,2.299433576965332,2.2388665676116943,1.4934237003326416
cnn,dynamic,noniid,FABA,13,0.0981,2.299159162521362,2.225698709487915,1.4121991395950317
cnn,dynamic,noniid,FABA,14,0.0981,2.298887466812134,2.218825101852417,1.3283276557922363
cnn,dynamic,noniid,FABA,15,0.0981,2.29861926574707,2.2179200649261475,1.2628060579299927
cnn,dynamic,noniid,FABA,16,0.0981,2.298351955795288,2.2154462337493896,1.1909551620483398
cnn,dynamic,noniid,FABA,17,0.0981,2.2980833599090578,2.2152018547058105,1.1455000638961792
cnn,dynamic,noniid,FABA,18,0.0981,2.2978117012023924,2.213839054107666,1.1181362867355347
cnn,dynamic,noniid,FABA,19,0.0981,2.297538473510742,2.210005283355713,1.1099414825439453
cnn,dynamic,noniid,FABA,20,0.0981,2.2973155471801756,2.2074108123779297,1.1250089406967163
cnn,dynamic,noniid,FABA,21,0.0981,2.2970880359649657,2.2055654525756836,1.1475862264633179
cnn,dynamic,noniid,FABA,22,0.0981,2.2968566287994383,2.2058095932006836,1.1751625537872314
cnn,dynamic,noniid,FABA,23,0.098,2.2966225605010986,2.204453468322754,1.2099907398223877
cnn,dynamic,noniid,FABA,24,0.098,2.2963869689941405,2.204378604888916,1.2433557510375977
cnn,dynamic,noniid,FABA,25,0.098,2.296153464508057,2.20463490486145,1.250133991241455
cnn,dynamic,noniid,FABA,26,0.098,2.2959227394104005,2.2036733627319336,1.243552803993225
cnn,dynamic,noniid,FABA,27,0.098,2.295615934753418,2.2039899826049805,1.2187272310256958
cnn,dynamic,noniid,FABA,28,0.098,2.2953149757385254,2.206779956817627,1.2116731405258179
cnn,dynamic,noniid,FABA,29,0.098,2.2950183589935302,2.2119626998901367,1.2213549613952637
cnn,dynamic,noniid,FABA,30,0.098,2.2947293174743653,2.2133772373199463,1.2229359149932861
cnn,dynamic,noniid,FABA,31,0.0981,2.294442839431763,2.2168779373168945,1.2383586168289185
cnn,dynamic,noniid,FABA,32,0.0983,2.2941621646881103,2.2207305431365967,1.2537381649017334
cnn,dynamic,noniid,FABA,33,0.0987,2.293888431930542,2.219991683959961,1.2789472341537476
cnn,dynamic,noniid,FABA,34,0.0996,2.2936198234558107,2.218404531478882,1.3044151067733765
cnn,dynamic,noniid,FABA,35,0.1029,2.29335825920105,2.217580556869507,1.3259327411651611
cnn,dynamic,noniid,FABA,36,0.1084,2.293099029159546,2.221498966217041,1.3416273593902588
cnn,dynamic,noniid,FABA,37,0.1177,2.2928443271636962,2.221135377883911,1.361151933670044
cnn,dynamic,noniid,FABA,38,0.1174,2.2925937664031983,2.2245326042175293,1.3692827224731445
cnn,dynamic,noniid,FABA,39,0.1168,2.292343433380127,2.2269222736358643,1.3839185237884521
cnn,dynamic,noniid,FABA,40,0.1163,2.2920942504882813,2.231294631958008,1.3909797668457031
cnn,dynamic,noniid,FABA,41,0.1163,2.2918488513946533,2.2321174144744873,1.388590931892395
cnn,dynamic,noniid,FABA,42,0.1157,2.291606499862671,2.2311763763427734,1.3940095901489258
cnn,dynamic,noniid,FABA,43,0.1302,2.2913351463317873,2.2318859100341797,1.3594626188278198
cnn,dynamic,noniid,FABA,44,0.1448,2.291070071029663,2.2334301471710205,1.3370797634124756
cnn,dynamic,noniid,FABA,45,0.1608,2.290809679412842,2.238391399383545,1.3296818733215332
cnn,dynamic,noniid,FABA,46,0.1744,2.2905532245635984,2.239485263824463,1.3244266510009766
cnn,dynamic,noniid,FABA,47,0.1819,2.2902995063781737,2.2379672527313232,1.317647099494934
cnn,dynamic,noniid,FABA,48,0.1838,2.2900495643615724,2.2463371753692627,1.3244819641113281
cnn,dynamic,noniid,FABA,49,0.1834,2.28980316734314,2.244982957839966,1.3348139524459839
cnn,dynamic,noniid,CC,0,0.1132,2.3078743984222414,2.2511274814605713,2.0008866786956787
cnn,dynamic,noniid,CC,1,0.1132,2.3074884307861327,2.250924587249756,1.9801536798477173
cnn,dynamic,noniid,CC,2,0.1131,2.307122413253784,2.246393918991089,1.9200533628463745
cnn,dynamic,noniid,CC,3,0.1131,2.3067713966369627,2.243048667907715,1.809888243675232
cnn,dynamic,noniid,CC,4,0.113,2.306432314300537,2.243018865585327,1.6226695775985718
cnn,dynamic,noniid,CC,5,0.1127,2.306103454589844,2.2383317947387695,1.465836763381958
cnn,dynamic,noniid,CC,6,0.1128,2.305779290008545,2.2370471954345703,1.3607624769210815
cnn,dynamic,noniid,CC,7,0.1131,2.3054632175445557,2.2299106121063232,1.2986019849777222
cnn,dynamic,noniid,CC,8,0.1134,2.3051530014038084,2.2244393825531006,1.2727891206741333
cnn,dynamic,noniid,CC,9,0.1135,2.304849082183838,2.222364902496338,1.255825161933899
cnn,dynamic,noniid,CC,10,0.1133,2.3045510833740233,2.218390464782715,1.255879521369934
cnn,dynamic,noniid,CC,11,0.1134,2.3042594715118407,2.216503858566284,1.2338242530822754
cnn,dynamic,noniid,CC,12,0.1137,2.3039736282348633,2.2126879692077637,1.194079875946045
cnn,dynamic,noniid,CC,13,0.1139,2.3036904209136964,2.211528778076172,1.157921314239502
cnn,dynamic,noniid,CC,14,0.1141,2.303409465789795,2.213618516921997,1.119492530822754
cnn,dynamic,noniid,CC,15,0.1143,2.3031309268951414,2.2042009830474854,1.092603325843811
cnn,dynamic,noniid,CC,16,0.1147,2.302854508972168,2.2007040977478027,1.0958244800567627
cnn,dynamic,noniid,CC,17,0.115,2.302579987335205,2.195382595062256,1.1173211336135864
cnn,dynamic,noniid,CC,18,0.116,2.302306489944458,2.192006826400757,1.1505345106124878
cnn,dynamic,noniid,CC,19,0.1166,2.3020347873687745,2.1878349781036377,1.1881022453308105
cnn,dynamic,noniid,CC,20,0.1169,2.3017656593322755,2.185520887374878,1.233741283416748
cnn,dynamic,noniid,CC,21,0.1177,2.30149877243042,2.1838736534118652,1.2660913467407227
cnn,dynamic,noniid,CC,22,0.1182,2.3012350509643555,2.1798675060272217,1.2886255979537964
cnn,dynamic,noniid,CC,23,0.1186,2.3009752502441407,2.1808390617370605,1.3070615530014038
cnn,dynamic,noniid,CC,24,0.1195,2.300718970489502,2.178558111190796,1.3199782371520996
cnn,dynamic,noniid,CC,25,0.1207,2.3004653244018556,2.1768739223480225,1.318870186805725
cnn,dynamic,noniid,CC,26,0.1224,2.3002156970977783,2.172435760498047,1.3236029148101807
cnn,dynamic,noniid,CC,27,0.1239,2.299968431472778,2.1728317737579346,1.3272587060928345
cnn,dynamic,noniid,CC,28,0.1256,2.2997245750427244,2.173400402069092,1.3366267681121826
cnn,dynamic,noniid,CC,29,0.1279,2.2994835304260253,2.1757824420928955,1.3489985466003418
cnn,dynamic,noniid,CC,30,0.1301,2.2992459785461428,2.1751339435577393,1.3587201833724976
cnn,dynamic,noniid,CC,31,0.1327,2.299010861968994,2.173072099685669,1.3740992546081543
cnn,dynamic,noniid,CC,32,0.1349,2.298778200149536,2.1706602573394775,1.3880140781402588
cnn,dynamic,noniid,CC,33,0.1371,2.2985494483947755,2.1675732135772705,1.3944369554519653
cnn,dynamic,noniid,CC,34,0.1396,2.2983236461639405,2.1679294109344482,1.3941495418548584
cnn,dynamic,noniid,CC,35,0.1418,2.2980997318267824,2.1687514781951904,1.384810447692871
cnn,dynamic,noniid,CC,36,0.1451,2.2978790309906008,2.162379741668701,1.375802755355835
cnn,dynamic,noniid,CC,37,0.1471,2.297659690856934,2.1627707481384277,1.368719458580017
cnn,dynamic,noniid,CC,38,0.1502,2.2974426151275633,2.1631696224212646,1.3634238243103027
cnn,dynamic,noniid,CC,39,0.1529,2.2972271118164063,2.160752058029175,1.351324200630188
cnn,dynamic,noniid,CC,40,0.1551,2.297013512802124,2.160886526107788,1.3363655805587769
cnn,dynamic,noniid,CC,41,0.1585,2.296801712799072,2.1599926948547363,1.3167438507080078
cnn,dynamic,noniid,CC,42,0.1613,2.29659155960083,2.156665802001953,1.306156039237976
cnn,dynamic,noniid,CC,43,0.1647,2.2963834926605227,2.1571266651153564,1.2944170236587524
cnn,dynamic,noniid,CC,44,0.1684,2.2961785224914553,2.1541128158569336,1.27751886844635
cnn,dynamic,noniid,CC,45,0.1711,2.2959753150939943,2.15486741065979,1.268601894378662
cnn,dynamic,noniid,CC,46,0.174,2.2957736949920653,2.152580499649048,1.248949408531189
cnn,dynamic,noniid,CC,47,0.1753,2.295574008560181,2.1541316509246826,1.2192641496658325
cnn,dynamic,noniid,CC,48,0.1779,2.2953755485534666,2.1539156436920166,1.2058558464050293
cnn,dynamic,noniid,CC,49,0.1807,2.2951791858673096,2.1560888290405273,1.187656283378601
cnn,dynamic,noniid,LFighter,0,0.101,2.3049701103210447,1.9645894765853882,1.6316053867340088
cnn,dynamic,noniid,LFighter,1,0.1008,2.304563149642944,1.9610309600830078,1.6330487728118896
cnn,dynamic,noniid,LFighter,2,0.1002,2.3041699516296386,1.9599915742874146,1.6497899293899536
cnn,dynamic,noniid,LFighter,3,0.0995,2.3037870861053467,1.957266926765442,1.623655080795288
cnn,dynamic,noniid,LFighter,4,0.0978,2.3034159965515135,1.9553922414779663,1.6088601350784302
cnn,dynamic,noniid,LFighter,5,0.0958,2.303087770843506,1.9526536464691162,1.5259650945663452
cnn,dynamic,noniid,LFighter,6,0.0938,2.302771195983887,1.9477002620697021,1.4461952447891235
cnn,dynamic,noniid,LFighter,7,0.0929,2.30246868019104,1.9418891668319702,1.3091806173324585
cnn,dynamic,noniid,LFighter,8,0.0963,2.302181103515625,1.9377756118774414,1.1670997142791748
cnn,dynamic,noniid,LFighter,9,0.1017,2.3019093662261962,1.9324240684509277,1.042191743850708
cnn,dynamic,noniid,LFighter,10,0.1042,2.301652198410034,1.9280338287353516,0.9386535286903381
cnn,dynamic,noniid,LFighter,11,0.1085,2.3014111656188967,1.9214982986450195,0.8465911746025085
cnn,dynamic,noniid,LFighter,12,0.1063,2.301184502029419,1.9156726598739624,0.7779725790023804
cnn,dynamic,noniid,LFighter,13,0.1018,2.3009705112457275,1.9105702638626099,0.7392867803573608
cnn,dynamic,noniid,LFighter,14,0.0997,2.3007683322906494,1.9054455757141113,0.7327135801315308
cnn,dynamic,noniid,LFighter,15,0.099,2.300576110839844,1.9013537168502808,0.7572875618934631
cnn,dynamic,noniid,LFighter,16,0.0989,2.3003933002471926,1.8977774381637573,0.7855446934700012
cnn,dynamic,noniid,LFighter,17,0.0993,2.300219380569458,1.8927901983261108,0.8201075792312622
cnn,dynamic,noniid,LFighter,18,0.0991,2.300053142929077,1.8886101245880127,0.8654656410217285
cnn,dynamic,noniid,LFighter,19,0.0994,2.299892918777466,1.8822773694992065,0.9140363931655884
cnn,dynamic,noniid,LFighter,20,0.099,2.299737314605713,1.8804891109466553,0.9567732214927673
cnn,dynamic,noniid,LFighter,21,0.0989,2.2995856605529785,1.877069354057312,0.9924994707107544
cnn,dynamic,noniid,LFighter,22,0.0985,2.299438000869751,1.8741921186447144,1.0243046283721924
cnn,dynamic,noniid,LFighter,23,0.0985,2.2992943984985352,1.8730987310409546,1.0418859720230103
cnn,dynamic,noniid,LFighter,24,0.0984,2.2991544338226317,1.8707680702209473,1.0603163242340088
cnn,dynamic,noniid,LFighter,25,0.0985,2.299017780303955,1.870086431503296,1.0784832239151
cnn,dynamic,noniid,LFighter,26,0.0985,2.298884786605835,1.8693903684616089,1.080694556236267
cnn,dynamic,noniid,LFighter,27,0.0984,2.2987546966552737,1.8719425201416016,1.0895038843154907
cnn,dynamic,noniid,LFighter,28,0.0983,2.298627616882324,1.8709080219268799,1.0994291305541992
cnn,dynamic,noniid,LFighter,29,0.0983,2.298504998397827,1.8704073429107666,1.1074823141098022
cnn,dynamic,noniid,LFighter,30,0.0982,2.298385703277588,1.871841311454773,1.1179442405700684
cnn,dynamic,noniid,LFighter,31,0.0982,2.298270304107666,1.8715754747390747,1.122458815574646
cnn,dynamic,noniid,LFighter,32,0.0982,2.2981593746185305,1.8724652528762817,1.1300747394561768
cnn,dynamic,noniid,LFighter,33,0.0981,2.2980525482177736,1.8747103214263916,1.1423544883728027
cnn,dynamic,noniid,LFighter,34,0.0981,2.2979491729736328,1.8756535053253174,1.1563407182693481
cnn,dynamic,noniid,LFighter,35,0.0981,2.297848938751221,1.87975013256073,1.1660343408584595
cnn,dynamic,noniid,LFighter,36,0.0981,2.29775203666687,1.880977749824524,1.1668832302093506
cnn,dynamic,noniid,LFighter,37,0.098,2.29765736618042,1.8816008567810059,1.1778370141983032
cnn,dynamic,noniid,LFighter,38,0.098,2.2975645652770997,1.8818761110305786,1.1751621961593628
cnn,dynamic,noniid,LFighter,39,0.098,2.297472050857544,1.884472131729126,1.1511512994766235
cnn,dynamic,noniid,LFighter,40,0.098,2.297379694747925,1.8852325677871704,1.1304017305374146
cnn,dynamic,noniid,LFighter,41,0.098,2.2972866119384765,1.8876831531524658,1.099267840385437
cnn,dynamic,noniid,LFighter,42,0.098,2.2971910358428955,1.8892836570739746,1.0543323755264282
cnn,dynamic,noniid,LFighter,43,0.098,2.297092309951782,1.8936187028884888,1.0115710496902466
cnn,dynamic,noniid,LFighter,44,0.098,2.2969895015716553,1.8961536884307861,0.9762949347496033
cnn,dynamic,noniid,LFighter,45,0.098,2.296882905578613,1.9001986980438232,0.9829423427581787
cnn,dynamic,noniid,LFighter,46,0.098,2.2967720737457276,1.9016667604446411,1.011993408203125
cnn,dynamic,noniid,LFighter,47,0.098,2.296657630157471,1.9049938917160034,1.0467685461044312
cnn,dynamic,noniid,LFighter,48,0.098,2.29653924407959,1.9099256992340088,1.090540885925293
cnn,dynamic,noniid,LFighter,49,0.098,2.2964178703308105,1.9123212099075317,1.1350300312042236
